page_number,sentence_chunk,chunk_char_count,chunk_word_count,chunk_token_count,embedding
-41,"Aditya Ghai Email: adityaghailbdrp1@gmail.com LinkedIn: https://www.linkedin.com/in/aditya-ghai/ Github: https://github.com/adityaghai07 Education • Indian Institute Of Information Technology Jabalpur Jabalpur, India Bachelor of Technology - Computer Science and Engineering; GPA: 9.5 May 2022 - May 2026 Courses: Operating Systems, Data Structures, Analysis Of Algorithms, Artificial Intelligence, Machine Learning, Networking, Databases Skills and Competencies Document • Languages: Python,C++, SQL, C • Frameworks: scikit-learn, NLTK, SpaCy, TensorFlow, Keras, Flask , HuggingFace , Pytorch • Tools: GIT, PostgreSQL, MySQL • Platforms: Linux, Windows, Arduino, Streamlit Experience • Bezu AI Remote Machine Learning Intern Jun 2024 - Present ◦ Cost Reduction: Reduced overall cost by 600% by switching to LLaMA3 70b.◦ Model Fine-Tuning: Finetuned base model on web-scrapped data and deployed for inference on replicate.◦ Python Backend: Moved the whatsapp app architecture from nodejs to python. •Zep Analytics Remote Data Science Intern Dec 2023 - Jan 2024 ◦ Real World Client Projects: Built AI/ML based solutions utilizing diverse tech stacks, including Flask, Vector DB, and Hugging Face Pipelines, to deliver tailored solutions.◦ Insurance Claim Automation: Used NLTK, cosine similarities, and LangChain to classify claims.◦ LLM Based Research: Tried and tested various LLMs for specific purposes including LLaMA, Mistral, and RoBERTa. Projects • AI Badminton Game Coach - https://github.com/Team-Phoenix-Force/ShuttleSensei April 2024 • Implemented ActionFormer and Fast Slow Network for TAL research paper to build an enhanced model. •The model takes badminton playing videos as input, providing insights about shot selection graphically and detailed descriptions of each rally. •Achieved a mean average precision of 91, outperforming the previous model’s 78. •SureBot - https://mainpy-ckn2aqdwyvr3n4pvep6koz.streamlit.app/ Oct 2023 • Developed and deployed a GenAI-based QnA Chatbot with a Streamlit UI. •",2016,269,504.0,"tensor([ 5.2253e-02,  3.7902e-02, -5.0775e-02,  1.4242e-02, -1.9388e-02,
        -1.4117e-02,  6.5850e-03,  2.0134e-02,  3.4354e-02, -3.6530e-02,
         3.6057e-02,  3.5734e-02, -3.4278e-03,  1.3651e-01,  5.7826e-02,
        -6.3743e-02,  7.6529e-03, -1.1699e-02, -1.6944e-03,  1.5640e-03,
        -3.6334e-02,  1.0422e-03, -2.9204e-02,  5.6146e-02, -1.2508e-02,
        -2.2816e-02, -2.7508e-02,  1.3091e-02, -2.1453e-02, -4.9158e-02,
         9.5282e-03, -2.9049e-02, -2.3014e-02,  2.7556e-02,  2.7699e-06,
        -6.0659e-02, -1.0545e-02, -8.0958e-03,  7.2880e-04,  4.7677e-03,
         4.7767e-02,  3.7710e-02,  1.0702e-02,  3.2226e-02, -3.9873e-02,
         4.1033e-02,  5.9093e-02,  2.4393e-03,  4.3669e-02,  6.4440e-02,
        -6.4390e-03, -7.6793e-03,  3.5793e-02,  8.5593e-03,  8.9721e-03,
        -5.6618e-02, -4.6583e-03,  1.5535e-02,  2.9722e-02, -6.1542e-02,
        -6.2533e-03, -8.6183e-03,  1.5473e-02,  1.2575e-02,  6.1379e-02,
         5.2776e-02, -1.1410e-02, -3.3488e-02, -1.8732e-02,  9.2174e-03,
        -1.7006e-02, -2.7127e-02,  3.1816e-02,  6.4717e-03, -1.4651e-02,
        -8.1083e-03, -2.6760e-02,  3.3707e-02, -1.1791e-02, -8.8827e-04,
        -5.8842e-03,  1.6136e-02, -2.8991e-02,  1.4095e-02,  1.0615e-03,
         4.5577e-02, -1.4160e-02,  7.5310e-03, -1.8344e-02, -1.4826e-02,
         8.7710e-02, -8.3164e-02,  3.6128e-02,  5.4394e-02, -4.0879e-02,
        -4.4943e-02,  1.1274e-02, -4.6551e-02,  2.1804e-02, -4.3918e-02,
         5.0312e-02,  2.3083e-02,  1.4098e-02,  2.6493e-02, -6.2663e-03,
         4.6677e-02,  7.9677e-05,  5.8358e-03, -1.8537e-02,  3.2760e-02,
        -4.2648e-02,  7.2491e-03,  1.2991e-02,  5.6444e-02, -7.1101e-03,
         1.9750e-02, -8.2908e-02,  5.5783e-02, -8.6585e-03,  2.3280e-02,
         1.6684e-02,  3.5996e-02,  2.3835e-02,  1.5469e-02, -4.9008e-02,
        -5.0290e-02, -5.6158e-02,  3.5261e-02,  2.3442e-02, -5.4480e-02,
         1.8806e-02,  1.0719e-02, -2.7931e-02, -3.1301e-02,  2.9234e-02,
         7.0061e-02,  3.7499e-02,  2.9523e-03, -2.9843e-02, -3.7655e-02,
         3.3294e-02, -6.6862e-02, -5.0516e-02, -5.6640e-02, -1.2912e-02,
        -4.5565e-02, -3.0317e-02, -2.2799e-02, -1.4651e-02, -3.3717e-03,
        -8.1227e-03,  4.9636e-02, -7.5406e-04,  2.6559e-02,  4.5120e-02,
         2.8063e-02,  1.0702e-02,  3.5323e-02,  8.7626e-03,  2.8350e-02,
         4.1447e-02, -1.9492e-02,  5.0416e-02,  2.8406e-02, -1.9919e-02,
        -4.0476e-02, -9.0168e-03, -5.3649e-03, -2.3938e-02,  1.1084e-02,
        -1.6206e-02,  2.7425e-03, -9.5441e-03,  4.3980e-02,  7.3884e-02,
         6.3665e-02,  2.2185e-02,  1.1511e-02,  4.3880e-03, -1.2201e-02,
         2.5829e-02, -6.9782e-02, -3.3458e-02,  6.2793e-02, -1.6469e-02,
         5.2371e-03, -4.4374e-02,  1.0037e-01, -3.0951e-02, -4.6247e-02,
        -3.2228e-03, -5.1248e-02, -5.3578e-02,  2.1808e-02,  5.2484e-02,
        -3.0730e-03, -1.9164e-02, -2.5021e-02, -6.8189e-03, -4.5981e-02,
        -4.0282e-02, -9.7625e-02,  3.4193e-02,  2.2618e-02,  2.2520e-03,
        -7.3060e-02, -4.5125e-02,  2.8897e-03, -6.4234e-02, -9.8609e-03,
         3.4387e-02,  1.8892e-03,  2.5503e-02, -7.9256e-03, -1.6270e-02,
         2.5833e-02,  1.5508e-02, -1.1991e-02,  9.3167e-03,  5.7477e-02,
        -3.0698e-02,  1.2132e-02, -3.0253e-02,  3.3699e-02, -3.5091e-02,
        -2.7849e-02,  6.3700e-03,  1.0585e-02,  4.3249e-02,  5.0442e-02,
         2.0400e-02, -2.4268e-02,  6.6618e-02, -4.0655e-03, -2.4755e-02,
         2.7501e-02,  7.9975e-02,  2.1119e-02,  1.3041e-02, -2.9734e-02,
         1.9539e-02,  3.8867e-02, -5.3898e-02, -1.5354e-02,  9.8932e-03,
         3.5440e-02,  3.5771e-02,  2.2631e-03,  3.9940e-02, -5.3996e-03,
         3.5894e-02,  1.2036e-02,  1.6180e-02,  5.5223e-02, -2.3092e-02,
        -4.4709e-02, -5.7302e-02,  2.9288e-02, -9.6392e-02,  1.4230e-02,
         1.2087e-02, -6.6577e-02,  1.2323e-02,  3.8678e-04,  6.4468e-02,
        -7.2148e-02,  3.9402e-02, -7.2993e-02,  1.2817e-02,  5.3872e-03,
         2.6714e-02, -8.6647e-04,  2.5854e-02, -2.8859e-02, -3.2305e-02,
         1.3654e-02,  5.4373e-03,  2.2948e-02, -3.4821e-02,  5.6490e-02,
        -8.1759e-03, -4.7786e-02, -2.3951e-02,  2.7003e-03, -2.1718e-02,
         6.3392e-02,  5.7253e-02, -6.4294e-02, -4.2315e-02, -7.4243e-03,
        -6.6571e-02, -9.3235e-03,  1.4860e-02, -5.5096e-02, -4.8012e-02,
         2.1440e-02, -4.5200e-02,  7.7043e-02, -2.6987e-02,  1.9199e-02,
         1.6057e-02, -5.0316e-03,  4.2231e-03,  4.8693e-03, -5.0399e-03,
        -3.8298e-02,  8.1643e-03,  5.5265e-03,  8.3579e-03, -1.3761e-02,
        -2.2765e-02, -9.5846e-03,  1.3310e-02,  1.6231e-02,  2.2935e-02,
        -1.2550e-02, -3.4152e-02,  8.2081e-04, -1.0382e-02,  5.1911e-02,
         1.2229e-03, -4.8552e-02,  4.5111e-02,  1.5521e-02,  2.9108e-02,
        -4.1020e-02, -1.2215e-01, -3.1036e-02,  7.0328e-02, -1.1423e-02,
         2.7629e-02, -2.3594e-02, -4.3411e-02, -1.2861e-02, -4.2094e-03,
        -1.2373e-02, -3.4384e-02, -6.3992e-02, -2.1923e-02, -2.8480e-03,
        -1.3413e-02, -3.8974e-02, -2.0474e-02,  2.6655e-03, -2.7348e-02,
        -2.3571e-02, -2.5969e-02, -1.3506e-02, -3.5087e-02, -1.1072e-02,
         2.6867e-02,  2.9969e-02, -3.5305e-03, -1.7793e-02,  1.1197e-02,
        -9.3608e-03,  1.6354e-02,  2.1748e-02, -1.7152e-02,  6.3343e-04,
         3.1431e-02,  3.6431e-02,  6.0475e-02, -5.6101e-03, -3.3351e-02,
         2.8304e-02,  1.8341e-02, -6.5995e-02, -5.0339e-02,  4.9936e-02,
         3.9283e-02, -4.2654e-02,  1.8191e-02,  5.6591e-02,  2.5501e-03,
        -3.3199e-02,  1.5879e-02, -3.6411e-02, -4.0826e-02,  2.7781e-02,
         4.5704e-02, -8.5495e-02,  2.1170e-02,  3.2942e-03,  1.4863e-02,
        -5.2198e-02, -3.2694e-02, -2.7659e-02, -8.2266e-02,  5.2143e-02,
        -5.8061e-03, -2.6246e-02, -7.5293e-02, -3.6388e-02, -4.5533e-03,
        -2.3964e-02, -2.7104e-02,  1.9790e-02, -6.3258e-03,  1.9226e-02,
         2.7935e-02, -7.0032e-02,  2.3788e-02,  1.7930e-02, -6.2162e-02,
         3.5624e-03,  5.5313e-02,  4.9498e-02, -3.2868e-02, -1.8230e-02,
         2.1696e-03,  2.6243e-02,  3.0534e-02, -5.0949e-03,  7.6315e-02,
        -1.9853e-02, -3.0960e-04,  7.0427e-03,  3.6396e-02, -4.2648e-02,
         1.5045e-02,  5.9278e-02,  8.1309e-02, -2.5016e-02,  2.6052e-02,
        -4.6728e-02, -2.0617e-02,  3.0504e-02,  1.3463e-02, -5.6908e-03,
        -1.9419e-02, -5.7439e-02,  6.7217e-04,  2.7282e-02,  7.3011e-03,
        -2.7147e-02, -3.0141e-03, -2.7558e-02, -7.0502e-02, -3.6146e-02,
        -3.7740e-02,  1.3434e-02,  2.3242e-02,  1.7559e-02,  5.6153e-02,
        -2.9774e-03, -1.2364e-03, -4.1351e-02, -3.5517e-02,  8.1435e-03,
         5.3113e-02, -4.5102e-02,  4.9539e-03,  3.7753e-02, -4.4856e-02,
        -5.3356e-02, -2.8128e-02, -4.0512e-02, -1.7961e-02, -4.5103e-03,
         6.9640e-02,  4.2844e-02, -1.6461e-02,  1.1799e-03, -3.4221e-02,
         1.5868e-02,  5.1794e-02, -2.1795e-02,  3.4099e-02, -4.0602e-03,
        -3.9558e-03, -3.8442e-03, -4.9877e-04, -2.6744e-02,  3.2620e-02,
         1.1016e-03, -2.5855e-02,  2.4717e-03, -1.4617e-02, -1.3187e-02,
         7.9885e-02,  5.6459e-02,  6.6384e-03, -9.8827e-02,  2.1607e-02,
         3.5500e-02,  1.5903e-02,  1.9445e-02, -4.0909e-02, -3.6952e-02,
         2.6302e-02,  4.1104e-02,  2.4170e-02, -2.2966e-02,  4.6304e-02,
        -7.8570e-03, -6.7968e-02,  6.8994e-02, -1.7347e-03,  7.1680e-02,
        -2.2322e-03, -8.9022e-03,  2.1981e-02, -5.8760e-03, -1.4707e-03,
         3.1837e-02, -2.7907e-02, -6.2625e-04, -2.0216e-02,  8.3652e-03,
        -7.6902e-03,  3.0136e-02, -1.5938e-02, -6.3399e-02,  1.1258e-02,
         3.0942e-02,  9.1838e-02,  1.4043e-02, -1.9215e-03, -4.5743e-02,
         1.4699e-02, -3.3892e-03,  2.7297e-02, -4.7706e-02,  3.5913e-04,
        -3.3765e-02, -6.6214e-03, -4.2418e-02,  2.7227e-02,  3.8669e-02,
         3.1432e-02,  2.5553e-02, -2.4665e-02, -3.3152e-02, -2.2289e-02,
         7.3787e-03,  4.7492e-02,  3.8890e-02,  1.4130e-02, -3.2350e-03,
        -4.3121e-02, -3.8809e-02,  5.4804e-02, -6.1809e-04, -3.0211e-03,
        -3.7382e-02,  3.7398e-02,  2.5061e-02,  3.2997e-02,  1.5277e-02,
        -1.8809e-03, -6.1429e-03, -5.4886e-02, -4.0141e-03,  1.2215e-04,
        -7.6235e-33,  9.3258e-03, -6.1104e-02,  2.1636e-02,  1.8899e-02,
        -6.6076e-02,  1.0225e-02, -2.6631e-02, -4.8332e-02, -1.6051e-02,
        -1.0556e-02, -3.9165e-02,  3.9200e-02,  2.8263e-02, -6.2868e-03,
         6.6086e-02, -2.2586e-02,  5.6006e-04, -3.2328e-04, -5.2558e-03,
         1.2105e-02, -1.0095e-02,  5.3883e-02,  3.1827e-02, -7.2737e-02,
        -8.1511e-03,  2.2132e-02, -3.4141e-02,  2.0918e-03, -5.7955e-02,
         2.6130e-02,  5.6476e-03, -2.1616e-03,  1.3001e-02,  9.6385e-03,
         1.9931e-02, -3.8110e-02, -5.0939e-02, -2.0014e-02, -4.3372e-02,
         3.1022e-02, -1.2749e-02, -7.0102e-03,  8.5609e-02, -1.1615e-02,
        -5.0093e-02, -1.9698e-02,  4.7517e-02, -2.6677e-02, -5.6639e-03,
        -4.1323e-02, -2.9542e-02,  1.8523e-02, -3.5431e-02,  4.8917e-02,
         2.1063e-02,  4.5826e-03, -1.0459e-02,  4.0387e-03, -6.1078e-02,
         2.9629e-02, -4.7041e-02,  2.2476e-02,  4.4759e-02, -1.2235e-02,
        -1.9805e-03,  2.0461e-02,  5.9619e-02, -5.6603e-02, -1.7818e-02,
        -3.0250e-02, -4.2424e-02,  1.1949e-01,  1.7847e-02, -4.3445e-02,
        -6.4692e-03, -9.4971e-02, -6.7904e-02,  4.7696e-02,  8.6945e-02,
         2.8062e-02, -5.8805e-02,  1.7004e-02, -4.1218e-02,  1.3155e-02,
         6.3652e-02, -5.2668e-02, -1.8422e-02,  7.3936e-03,  7.8938e-03,
        -2.1937e-02,  7.2459e-03,  2.9833e-02, -2.8693e-02, -1.3492e-02,
         3.7190e-02,  6.2691e-03,  2.0875e-02,  5.4545e-02,  1.7480e-02,
        -7.2746e-03, -1.0891e-02, -2.7163e-02, -7.2703e-02,  1.8853e-02,
         5.7652e-02,  3.4373e-03,  6.5160e-03,  4.9298e-02, -4.6772e-02,
         9.9864e-04,  1.9724e-03,  2.6055e-02,  3.8535e-02,  2.7044e-02,
         9.6878e-03,  3.8744e-03,  1.5659e-02,  2.7981e-02,  2.7130e-02,
         3.5974e-03, -2.9299e-02, -9.1646e-04,  1.1189e-03, -1.5594e-02,
        -5.9093e-02, -7.8394e-03, -5.0211e-02,  8.9011e-03,  6.0120e-03,
        -5.5135e-02, -2.7949e-02, -6.3954e-03,  3.5518e-07, -8.0256e-03,
         1.0175e-01, -2.9224e-02, -7.4111e-03, -7.9577e-03,  2.9602e-02,
        -4.3669e-02,  6.6280e-03,  7.2031e-03,  4.3207e-02,  2.2862e-02,
        -1.0755e-02,  6.1938e-02, -7.3438e-03, -4.2848e-02, -3.5323e-02,
        -5.1709e-02, -1.9880e-02, -6.8045e-02,  5.1286e-02,  1.7850e-02,
         5.8756e-02,  8.3669e-02, -2.1707e-02,  4.2522e-02, -5.5161e-02,
        -2.3008e-02, -7.0169e-03,  5.3551e-02,  2.8273e-02,  3.2832e-02,
        -1.2771e-02, -7.3080e-03,  1.0683e-02, -2.8564e-02, -4.1945e-03,
         2.0991e-02,  4.1830e-02, -6.2615e-03,  6.5081e-02, -1.4022e-02,
        -1.0626e-02,  1.7307e-02, -4.5002e-02,  6.4166e-02,  4.1324e-02,
        -5.3564e-02, -1.8697e-02, -3.8730e-02, -5.2096e-02,  2.2700e-02,
         1.8633e-02,  1.4336e-02,  3.1846e-03, -1.7977e-02, -4.1104e-02,
        -3.4285e-02, -2.2768e-02,  1.3406e-02,  2.7660e-03, -2.3765e-02,
        -2.9846e-02,  4.2860e-03,  6.7689e-02,  5.9859e-02, -7.5982e-02,
        -3.5725e-03,  4.1308e-34, -1.2289e-02,  4.7237e-03, -9.5995e-04,
         3.2041e-02,  7.9918e-03, -4.1524e-03,  2.2347e-02,  6.0589e-03,
         2.3287e-02, -1.6620e-02, -4.1732e-02])"
-41,"The chatbot effectively utilizes user-provided trusted sources, ensuring the use of accurate and up-to-date information to generate responses. •It demonstrates a higher level of precision when compared to existing LLMs such as Bard and ChatGPT. •Article Filter & Summarizer- https://github.com/adityaghai07/Article-Filter-Summerizer Feb 2024 • Developed an article searcher and summarizer leveraging The General News Dataset from Kaggle. •Utilized collaborative filtering techniques including tokenization, stop-word removal, stemming, and TF-IDF vectorization for retrieving relevant articles. •Employed Hugging Face’s pipelines with the Facebook BART model for summarization. Honors and Awards • MLH HackByte 2.0 Grand Winner - Built an AI Based Game Coach achieving a mean average precision of 91, providing detailed graphical and point-by-point analysis. •Smart India Hackathon Finalist 2023 - Built Interactive VoiceBot of Chacha Chaudhary for Ministry Of Jal Shakti. •IIT Roorkee ThermaOracle Grand Winner - Temperature prediction modelling competition where we achieved a R2 Score of 0.91. •AI BioInnovate Challenge IIT Jodhpur Winner - Built a Robust Computationally Efficient Clustering Ensemble for the MOSES Dataset, achieving a silhouette score of 0.72. •AnalyticaX IIT Indore Winner - Case Study based EDA and ML Competition for a vaccination dataset where we showcased a benchmarking 0.872 10-Fold Stratified Cross-Val ROC-AUC Score.",1447,198,361.75,"tensor([ 7.2496e-02,  2.4294e-02, -4.4788e-03, -1.3224e-03, -1.1778e-02,
        -4.2749e-03,  2.2374e-03,  1.1657e-02,  7.4110e-02, -1.9219e-02,
         6.6070e-03,  5.0010e-02, -2.0995e-02,  9.0162e-02,  1.8094e-03,
        -8.6445e-02,  4.4035e-02, -3.9326e-03,  1.8487e-02, -7.3792e-03,
         4.8035e-03,  2.2849e-02, -4.4586e-02,  7.2120e-02, -8.9545e-03,
        -8.1204e-03, -1.0909e-02,  1.9378e-02,  4.3495e-03, -6.6707e-02,
         2.9577e-03, -2.5473e-02, -9.5228e-03,  3.2395e-02,  2.6067e-06,
        -4.0221e-02, -2.8199e-02,  7.9286e-03, -3.7938e-02, -4.9610e-02,
         7.6692e-02,  2.6958e-02,  1.0453e-02,  3.7984e-02, -5.2713e-02,
         3.5857e-02,  5.7844e-02,  2.4840e-02,  6.3386e-02,  8.2542e-02,
        -6.9995e-03,  1.5179e-03,  3.3745e-02,  1.6618e-02,  6.0379e-03,
        -1.9597e-02, -3.8551e-02, -1.0700e-03,  6.7405e-02, -1.1335e-02,
         9.1677e-03,  3.2533e-02, -2.4105e-03, -1.4874e-02,  5.3229e-02,
         3.7998e-02, -7.3718e-02, -4.0020e-02,  1.3301e-02,  4.5674e-02,
         2.0191e-02, -3.0508e-02,  3.1541e-02,  3.3029e-02,  8.4490e-03,
         3.7201e-03, -5.3715e-02,  1.4214e-02, -1.5878e-02,  9.9193e-03,
        -1.3757e-03,  2.0703e-02, -2.4594e-02,  1.3657e-02,  4.4643e-02,
         4.0598e-02,  8.6468e-03,  3.6056e-03, -4.2786e-02,  2.0012e-02,
         4.9228e-02, -6.4366e-02,  2.3847e-02,  6.4916e-02, -5.6223e-02,
        -2.9821e-02, -7.0920e-03, -2.0764e-02,  2.3507e-02, -5.6103e-02,
        -2.8083e-02,  2.5069e-02,  1.8308e-02,  6.7831e-02, -2.0655e-03,
         2.8537e-02,  2.2238e-02,  6.4653e-02, -6.7245e-03, -1.8963e-02,
        -1.4391e-02, -3.7156e-03,  9.6282e-03,  8.1795e-02, -3.3923e-03,
         1.8100e-03, -1.0041e-01,  1.2903e-02, -7.8423e-03,  1.2942e-02,
         2.6187e-02,  4.5168e-02, -2.2538e-02,  1.6527e-02, -1.6905e-02,
        -2.8460e-02, -6.1299e-02,  2.7754e-03,  2.3256e-02, -5.0922e-02,
        -1.3054e-02,  9.1590e-03,  1.0181e-02, -1.3380e-02,  7.4556e-03,
         9.3606e-02, -6.5662e-03, -3.3375e-02,  1.2249e-02, -3.7812e-03,
         1.2164e-02, -5.3202e-02, -3.4305e-02, -5.7812e-02,  5.6681e-02,
        -1.5193e-02, -8.5760e-03, -1.3595e-02,  8.6838e-05,  1.9738e-03,
        -2.4979e-02,  4.1154e-02, -2.2836e-02, -2.1936e-02,  7.0033e-02,
         3.8462e-02,  5.9819e-04,  5.2439e-02,  9.8128e-03,  4.3295e-02,
         5.1506e-02, -3.1716e-03,  1.7975e-02,  9.8291e-03,  5.2241e-03,
        -3.9121e-02,  2.1765e-02, -1.8272e-02, -4.8795e-02,  2.7153e-02,
        -3.6367e-02,  2.6585e-02, -1.4856e-02,  4.3026e-02,  5.9429e-02,
         6.7580e-02, -6.1078e-04, -5.1805e-03, -3.1606e-02,  4.3941e-03,
         6.5749e-02, -1.8595e-02, -1.7650e-02,  6.7091e-02, -6.4854e-02,
        -3.2326e-02,  3.3549e-02,  5.0924e-02, -2.0311e-02, -4.9213e-02,
         3.6989e-02, -2.2454e-02,  2.3308e-02,  2.5188e-03,  4.8714e-02,
        -2.8219e-02, -1.6653e-02, -4.9318e-02,  1.8412e-02, -6.7681e-02,
        -1.3400e-02, -7.2427e-02,  2.8533e-02,  5.2939e-02,  5.7010e-02,
        -5.5359e-02, -3.5122e-02, -1.2346e-02, -3.2447e-02,  9.2784e-03,
         1.8417e-03, -1.0343e-02, -1.5058e-02, -2.0602e-03, -1.2403e-02,
         2.3881e-02,  1.6617e-03, -2.1229e-02,  1.8289e-02,  6.4465e-02,
        -1.9337e-02,  5.3587e-02,  3.5796e-03,  2.6717e-02,  9.6891e-05,
         1.8632e-02, -1.2274e-02, -3.3971e-03,  6.4044e-02,  6.9391e-02,
         1.0195e-02, -1.3361e-03,  6.3973e-02, -2.4976e-02, -6.9734e-03,
         1.9659e-02,  3.1241e-02, -3.8566e-03,  1.3334e-02, -7.0539e-02,
         8.4983e-03,  7.0456e-02, -7.6649e-03, -1.5249e-02,  3.0564e-02,
        -2.4132e-02,  3.8240e-02, -2.1471e-03,  1.5403e-02, -3.4209e-02,
         1.0224e-02, -2.2038e-02,  2.9988e-02,  4.0102e-02, -3.1444e-02,
         1.5737e-02, -3.2285e-02, -1.8676e-02, -4.8333e-02, -4.9017e-03,
         3.7354e-02,  6.0177e-03, -1.0800e-02,  2.5678e-02, -2.9725e-04,
        -7.5906e-02, -1.9484e-02, -1.1436e-01, -7.0522e-04,  8.5289e-03,
        -1.7070e-02,  2.0186e-02,  2.1267e-02,  1.5138e-03, -2.6638e-02,
        -2.5954e-02,  3.2386e-03,  3.2813e-02, -1.7652e-02,  4.8718e-02,
        -1.4291e-02,  2.4582e-02, -6.5929e-02,  1.3733e-02, -4.2300e-02,
         4.1911e-02,  7.3755e-02, -5.9139e-02, -6.4702e-03, -7.6668e-03,
        -5.2199e-02, -4.8067e-03, -2.8354e-03, -6.1357e-02,  2.3027e-02,
        -1.5566e-02, -1.5214e-02,  9.7361e-02,  4.9906e-02,  3.6366e-03,
         1.1469e-02,  3.9308e-04, -5.9784e-02,  1.5687e-02,  2.7416e-04,
         2.0548e-02, -1.1970e-03, -1.2137e-02,  1.5668e-02, -1.6533e-02,
         2.0230e-02,  1.3729e-02, -3.7405e-02,  5.3813e-02, -1.2693e-02,
        -3.7095e-02, -4.2865e-02,  6.9702e-04, -2.8471e-02,  1.5479e-02,
        -1.0020e-02, -2.0831e-02,  5.4499e-02, -5.4350e-04,  1.6604e-02,
        -5.2894e-02, -5.5203e-02, -2.9194e-02,  3.0467e-02, -2.0258e-02,
         2.9710e-02, -5.7862e-02, -1.3696e-02, -3.7693e-02, -1.3484e-02,
         3.5238e-03, -8.8822e-02,  4.6371e-03, -5.8929e-03, -1.6859e-02,
        -7.6116e-03, -2.4496e-02, -2.6366e-02, -6.3043e-02, -4.3296e-02,
        -2.5885e-02,  5.5227e-02, -3.7332e-02, -5.9856e-02,  4.9288e-03,
         4.4136e-02,  1.9259e-02, -2.2945e-02, -8.4924e-03,  3.1865e-02,
        -6.5287e-03,  4.7110e-02,  2.2896e-02,  4.8811e-03,  3.4138e-02,
         4.4929e-02,  7.6278e-02,  4.6641e-02, -3.5988e-02, -1.1507e-02,
        -1.0729e-02,  2.4346e-02, -2.5702e-02, -1.4130e-02, -9.9103e-03,
         8.8706e-02, -2.7082e-02,  3.6899e-02,  9.5722e-02,  1.5733e-02,
        -5.1580e-02, -1.0115e-02, -2.6117e-02,  1.2149e-03,  2.3704e-03,
         4.6247e-02, -8.4408e-02, -4.8198e-03,  3.8243e-02,  3.3959e-02,
        -2.5713e-02, -6.3298e-02, -1.1066e-02, -7.5020e-02,  2.3649e-02,
         1.0248e-02, -6.3378e-02, -3.7233e-02, -7.9042e-02, -6.6657e-03,
        -2.3918e-02, -3.2069e-02,  1.3244e-02, -1.5760e-03,  6.0069e-03,
         1.1572e-02, -7.7495e-02,  2.1030e-02,  2.7785e-02, -1.6068e-02,
         6.7466e-02,  7.7596e-02,  5.3952e-02, -7.6548e-03,  3.7107e-02,
        -2.2825e-02,  4.4236e-02, -1.3653e-02, -1.2555e-02,  8.3307e-02,
        -4.0058e-02, -7.0553e-03, -4.4192e-02,  3.0088e-02,  1.6362e-02,
         9.2486e-03,  4.2528e-02,  3.5776e-02, -4.8758e-03,  2.6772e-02,
        -6.5518e-02,  1.7703e-02, -6.4598e-04,  3.5395e-02,  1.8889e-02,
        -2.2107e-02, -2.3841e-02, -3.0856e-02,  1.6781e-02,  4.8234e-04,
        -6.8758e-02, -2.8604e-02, -5.0470e-02, -6.0705e-02, -9.7666e-02,
        -5.5586e-02,  5.1937e-02,  5.5224e-03,  3.3799e-03,  4.1086e-03,
        -2.4680e-02,  2.6921e-02, -2.2895e-02, -3.5842e-02, -1.8178e-02,
         2.1038e-02, -3.9388e-02, -1.4954e-02,  3.8442e-02, -3.1298e-02,
        -1.6555e-02,  5.5136e-02, -2.3068e-02, -3.6859e-02,  5.6587e-03,
         6.4767e-02,  2.1724e-02,  3.2750e-02, -1.9933e-02, -3.9016e-02,
         5.5840e-02,  4.8007e-02, -2.0782e-02, -2.3074e-03, -7.2697e-03,
         5.0491e-02,  7.2255e-04, -1.3473e-03, -6.4141e-02,  2.1064e-02,
        -2.3177e-02,  6.6289e-03,  1.3494e-03, -1.4711e-02,  3.4652e-02,
         7.2295e-02,  2.6973e-02, -1.1762e-02, -2.2987e-02,  4.4483e-03,
         9.3050e-03, -4.1865e-02, -1.9819e-02, -2.8355e-02, -6.1361e-03,
        -2.4223e-02, -1.9092e-03,  1.6625e-02,  2.7636e-02, -2.8015e-02,
         5.7274e-02, -5.8587e-02,  6.7991e-02,  1.1324e-02,  3.8586e-02,
        -8.7968e-03,  1.1967e-02,  2.6213e-03,  3.1226e-03, -1.6447e-03,
         1.2423e-02, -3.5842e-02,  1.5137e-02, -1.1145e-02, -7.6284e-03,
         2.6228e-02,  4.1378e-02, -9.7452e-02, -6.7650e-04, -2.9913e-02,
         6.2838e-02,  5.2897e-02,  3.7008e-02,  2.8458e-02, -6.9785e-03,
        -7.3773e-03, -2.7135e-02,  1.4736e-02, -3.4390e-02,  8.8235e-03,
        -1.2432e-02,  5.1861e-03, -2.1334e-02, -2.1252e-02,  4.9326e-02,
        -4.0473e-02,  2.4575e-02,  5.4375e-02, -1.3977e-02, -4.4687e-02,
        -2.2319e-02,  4.6584e-02,  4.5594e-02,  1.1424e-02, -3.3664e-02,
        -1.6739e-02, -2.3633e-02,  1.8853e-02, -2.2106e-02, -8.0384e-03,
        -1.7163e-02,  2.5136e-02,  2.8155e-02,  8.7468e-03,  1.1654e-02,
        -4.8779e-02, -7.9870e-03, -3.3310e-02, -2.2961e-02,  1.4291e-02,
        -7.5692e-33, -2.5774e-02, -3.1938e-02, -4.7328e-03, -1.4124e-02,
        -5.0991e-02,  1.9408e-02, -4.6061e-02,  9.6740e-03, -2.8292e-02,
         1.1760e-02, -6.7572e-02,  1.2943e-02,  1.3098e-02, -1.5271e-02,
         4.4126e-02, -2.5755e-02,  3.2546e-02, -5.8698e-03, -2.4105e-02,
         4.3816e-02,  1.8040e-02,  3.1698e-02,  3.4052e-02, -5.2021e-02,
         2.9389e-02,  1.7742e-02, -2.0908e-02, -3.6740e-02,  1.8500e-02,
         3.5567e-02,  8.4715e-04,  2.8920e-02,  4.8030e-03,  1.4836e-02,
        -4.4108e-03, -1.4736e-02, -7.2184e-02, -2.0204e-02, -1.8477e-02,
         1.6197e-02, -2.7257e-02, -3.8050e-02,  4.3803e-02, -3.9811e-02,
        -3.0914e-02, -3.7665e-03,  3.7037e-02, -3.2157e-02, -1.6411e-02,
        -2.6917e-02, -8.3724e-03,  2.2705e-02, -5.4399e-02,  1.4163e-03,
        -7.5637e-04,  5.2884e-02,  1.1431e-02,  5.0913e-02, -5.9843e-02,
         6.3938e-02, -4.8518e-02,  1.9738e-02,  4.6344e-02, -1.7405e-02,
         1.2580e-02,  6.9832e-02,  5.0087e-02, -2.8096e-02, -5.0703e-02,
        -1.6820e-02, -1.5500e-02,  4.2657e-02,  6.5343e-02,  3.5617e-02,
        -1.9754e-02, -6.0972e-02, -5.8689e-02,  7.2728e-02,  5.4954e-02,
         1.9449e-02, -2.4175e-02,  1.4949e-02, -6.4562e-02,  2.1279e-02,
         2.6003e-02,  1.2391e-02, -2.6969e-02, -6.6516e-02, -5.8566e-03,
        -2.8985e-02, -4.2836e-02, -3.4821e-02, -1.5267e-02, -4.0705e-02,
         5.8796e-02,  9.0376e-03,  2.8549e-02,  1.5770e-03, -4.0757e-03,
        -1.4089e-02, -6.4434e-03, -1.0549e-02,  7.0710e-03,  2.6294e-02,
         2.9649e-02, -9.7314e-03, -2.4982e-02,  1.6313e-02, -4.3032e-02,
        -1.3857e-02, -9.4539e-03,  4.0342e-02, -1.1309e-02, -2.5896e-04,
        -9.0630e-03, -2.8710e-02,  4.2543e-03,  1.1984e-02,  1.2015e-02,
         4.8476e-02, -9.7857e-03,  1.0558e-02, -9.3372e-03, -3.1963e-02,
        -3.4913e-02,  1.5636e-02, -6.3516e-02,  2.3830e-02, -1.8335e-02,
        -7.5496e-02, -2.6351e-02, -3.7070e-02,  3.4102e-07,  1.5403e-02,
         1.0540e-01, -3.4724e-03, -3.5229e-03, -1.9213e-02, -1.0451e-02,
        -2.2622e-02,  1.1517e-02,  1.8667e-03,  3.7986e-02,  1.5674e-02,
         2.4533e-02,  5.1339e-02,  3.8836e-02, -1.0913e-01, -5.9889e-02,
        -9.2882e-02, -4.7700e-02, -3.8674e-02,  5.8845e-03,  5.2773e-02,
         6.0057e-02,  2.8218e-02, -9.4021e-04,  6.0716e-04, -2.5396e-02,
        -4.2479e-03, -8.9981e-03, -3.4498e-02,  2.5879e-02,  1.1388e-02,
         1.0412e-02,  1.2945e-02, -1.1806e-02, -2.1131e-02, -2.5773e-02,
         4.4644e-02,  3.7512e-02, -7.6727e-03,  4.9026e-03,  3.3406e-02,
         2.3216e-02, -4.2301e-03, -5.5052e-02,  9.3251e-02, -8.0292e-03,
        -7.4680e-02, -4.4250e-02, -7.3343e-02, -1.8443e-02,  4.8568e-02,
        -1.4205e-02, -1.3791e-02,  1.6746e-02, -2.0803e-02, -1.0443e-02,
         3.3848e-03, -3.1566e-02, -2.3463e-02, -6.4936e-02, -2.4884e-02,
        -1.1299e-01, -1.9407e-02,  2.1847e-02, -2.0438e-02, -1.8301e-02,
         1.9066e-02,  3.2138e-34,  4.7752e-02,  1.6689e-02,  9.4749e-03,
         1.6062e-02,  3.7359e-02, -2.7953e-04,  1.8792e-02, -5.8068e-03,
         3.0990e-02, -3.0292e-02, -1.3688e-02])"
